title,content,time,source
AI技术突破,人工智能在医疗领域取得重大进展提高诊断效率,2024-01-01,新浪
经济复苏,中国经济逐步恢复消费市场回暖,2024-01-02,腾讯
科技发展,5G技术推动智慧城市建设提升生活质量,2024-01-03,网易
教育改革,在线教育发展迅速改变传统教学模式,2024-01-04,搜狐
环境保护,全球气候变化问题引发各国关注加强环保措施,2024-01-05,新浪
互联网安全,网络安全问题日益严重企业加强数据保护,2024-01-06,腾讯
人工智能应用,AI在金融领域的应用提升风险控制能力,2024-01-07,网易
医疗进展,新药研发加速推动疾病治疗水平提高,2024-01-08,搜狐
新能源发展,新能源产业快速发展助力碳中和目标实现,2024-01-09,新浪
数字经济,数字经济成为推动经济增长的重要引擎,2024-01-10,腾讯
自动驾驶,自动驾驶技术逐渐成熟未来出行方式改变,2024-01-11,网易
电商增长,电商平台持续增长带动消费升级,2024-01-12,搜狐
人工智能伦理,AI发展引发伦理问题需要规范管理,2024-01-13,新浪
金融科技,金融科技创新推动银行业务转型升级,2024-01-14,腾讯
绿色能源,风能太阳能等绿色能源应用不断扩大,2024-01-15,网易
